movieID,specKey,specValue,specLink
Q2l2aWwgV2Fy,Runtime,1h 49m(109 min),
Q2l2aWwgV2Fy,Sound mix,Dolby DigitalIMAX 6-TrackDolby Atmos,/search/title/?sound_mixes=dolby_digital&ref_=ttspec_spec_2
Q2l2aWwgV2Fy,Color,Color,/search/title/?colors=color&ref_=ttspec_spec_3
Q2l2aWwgV2Fy,Aspect ratio,1.85 : 1,
Q2l2aWwgV2Fy,Camera,"DJI Ronin 4DSony A7S III, Panavision Panaspeed and Sony G-Master Lenses(some shots)Sony CineAlta Venice 2, Panavision Panaspeed Lenses",
Q2l2aWwgV2Fy,Negative Format,AXSM,
Q2l2aWwgV2Fy,Cinematographic Process,"Digital Intermediate(4K, master format)X-OCN ST(8K, source format)",
Q2l2aWwgV2Fy,Printed Film Format,35 mmD-CinemaDCP Digital Cinema Package,
Q2l2aWwgV2Fy,,,
Q2l2aWwgV2Fy,,,
Q2hhbGxlbmdlcnM=,Runtime,2h 11m(131 min),
Q2hhbGxlbmdlcnM=,Sound mix,Dolby DigitalDolby Atmos,/search/title/?sound_mixes=dolby_digital&ref_=ttspec_spec_2
Q2hhbGxlbmdlcnM=,Color,Color,/search/title/?colors=color&ref_=ttspec_spec_3
Q2hhbGxlbmdlcnM=,Aspect ratio,1.85 : 1,
Q2hhbGxlbmdlcnM=,Camera,"Arricam LT, Zeiss Master Prime LensesArricam ST, Zeiss Master Prime LensesArriflex 435, Zeiss Master Prime Lenses",
Q2hhbGxlbmdlcnM=,Negative Format,35 mm(Kodak Vision3 500T 5219),
Q2hhbGxlbmdlcnM=,Cinematographic Process,"Digital Intermediate(4K, source format)Super 35(3-perf, source format)",
Q2hhbGxlbmdlcnM=,Printed Film Format,D-Cinema,
Q2hhbGxlbmdlcnM=,,,
Q2hhbGxlbmdlcnM=,,,
UmViZWwgTW9vbiAtIFBhcnQgVHdvOiBUaGUgU2NhcmdpdmVy,Runtime,2h 2m(122 min),
UmViZWwgTW9vbiAtIFBhcnQgVHdvOiBUaGUgU2NhcmdpdmVy,Sound mix,Dolby AtmosDolby Digital,/search/title/?sound_mixes=dolby_atmos&ref_=ttspec_spec_2
UmViZWwgTW9vbiAtIFBhcnQgVHdvOiBUaGUgU2NhcmdpdmVy,Color,Color,/search/title/?colors=color&ref_=ttspec_spec_3
UmViZWwgTW9vbiAtIFBhcnQgVHdvOiBUaGUgU2NhcmdpdmVy,Aspect ratio,2.76 : 1,
UmViZWwgTW9vbiAtIFBhcnQgVHdvOiBUaGUgU2NhcmdpdmVy,,,
UmViZWwgTW9vbiAtIFBhcnQgVHdvOiBUaGUgU2NhcmdpdmVy,,,
QWJpZ2FpbA==,Runtime,1h 49m(109 min),
QWJpZ2FpbA==,Color,Color,/search/title/?colors=color&ref_=ttspec_spec_3
QWJpZ2FpbA==,Aspect ratio,2.39 : 1,
QWJpZ2FpbA==,Camera,ARRI Alexa LF,
QWJpZ2FpbA==,Negative Format,"Codex(4.5K, source format)",
QWJpZ2FpbA==,Cinematographic Process,"Digital Intermediate(4K, master format)",
QWJpZ2FpbA==,,,
QWJpZ2FpbA==,,,
VGhlIE1pbmlzdHJ5IG9mIFVuZ2VudGxlbWFubHkgV2FyZmFyZQ==,Runtime,2h(120 min),
VGhlIE1pbmlzdHJ5IG9mIFVuZ2VudGxlbWFubHkgV2FyZmFyZQ==,Sound mix,Dolby Digital,/search/title/?sound_mixes=dolby_digital&ref_=ttspec_spec_2
VGhlIE1pbmlzdHJ5IG9mIFVuZ2VudGxlbWFubHkgV2FyZmFyZQ==,Color,Color,/search/title/?colors=color&ref_=ttspec_spec_3
VGhlIE1pbmlzdHJ5IG9mIFVuZ2VudGxlbWFubHkgV2FyZmFyZQ==,Aspect ratio,2.39 : 1,
VGhlIE1pbmlzdHJ5IG9mIFVuZ2VudGxlbWFubHkgV2FyZmFyZQ==,Camera,"Sony CineAlta Venice 2, Tokina Vista Prime and Angenieux EZ Lenses",
VGhlIE1pbmlzdHJ5IG9mIFVuZ2VudGxlbWFubHkgV2FyZmFyZQ==,Laboratory,"Goldcrest Post, London, UK(digital intermediate)",
VGhlIE1pbmlzdHJ5IG9mIFVuZ2VudGxlbWFubHkgV2FyZmFyZQ==,Negative Format,AXSM,
VGhlIE1pbmlzdHJ5IG9mIFVuZ2VudGxlbWFubHkgV2FyZmFyZQ==,Cinematographic Process,"Digital Intermediate(4K, master format)X-OCN ST(8K, source format)",
VGhlIE1pbmlzdHJ5IG9mIFVuZ2VudGxlbWFubHkgV2FyZmFyZQ==,Printed Film Format,D-Cinema,
VGhlIE1pbmlzdHJ5IG9mIFVuZ2VudGxlbWFubHkgV2FyZmFyZQ==,,,
VGhlIE1pbmlzdHJ5IG9mIFVuZ2VudGxlbWFubHkgV2FyZmFyZQ==,,,
RHVuZTogUGFydCBUd28=,Runtime,2h 46m(166 min),
RHVuZTogUGFydCBUd28=,Sound mix,Dolby Surround 7.1Dolby Atmos12-Track Digital SoundIMAX 6-TrackDolby DigitalAuro 11.1Sonics-DDPDTS(DTS: X),/search/title/?sound_mixes=dolby_surround_7.1&ref_=ttspec_spec_2
RHVuZTogUGFydCBUd28=,Color,ColorBlack and White,/search/title/?colors=color&ref_=ttspec_spec_3
RHVuZTogUGFydCBUd28=,Aspect ratio,1.43 : 1(IMAX GT Laser & IMAX 70MM: some scenes)1.90 : 1(IMAX Digital & non-GT Laser)2.20 : 1(70 mm prints)2.39 : 1(non-IMAX theatrical ratio),
RHVuZTogUGFydCBUd28=,Camera,"Arri Alexa 65 IMAX, IronGlass VLFV MKII Dune & Moviecam LensesArri Alexa Mini LF IMAX, IronGlass VLFV MKII Dune & Moviecam Lenses",
RHVuZTogUGFydCBUd28=,Laboratory,"FotoKem Creative Services, Burbank (CA), USA(analog intermediate, color)FotoKem Laboratory, Burbank (CA), USA(color and finish)FotoKem nextLAB(mobile dailies)",
RHVuZTogUGFydCBUd28=,Negative Format,Codex,
RHVuZTogUGFydCBUd28=,Cinematographic Process,"ARRIRAW(6.5K, 4.5K, source format)Digital Intermediate(4K, master format)Dolby Vision",
RHVuZTogUGFydCBUd28=,Printed Film Format,"70 mm70 mm(horizontal, Kodak Vision 2383)DCP Digital Cinema Package",
RHVuZTogUGFydCBUd28=,,,
RHVuZTogUGFydCBUd28=,,,
TGF0ZSBOaWdodCB3aXRoIHRoZSBEZXZpbA==,Runtime,1h 33m(93 min),
TGF0ZSBOaWdodCB3aXRoIHRoZSBEZXZpbA==,Color,Black and WhiteColor,/search/title/?colors=black_and_white&ref_=ttspec_spec_3
TGF0ZSBOaWdodCB3aXRoIHRoZSBEZXZpbA==,Aspect ratio,1.33 : 1(some scenes)1.33 : 1(talk show scenes)1.66 : 1(documentary parts)1.85 : 12.35 : 14:3,
TGF0ZSBOaWdodCB3aXRoIHRoZSBEZXZpbA==,Negative Format,Digital,
TGF0ZSBOaWdodCB3aXRoIHRoZSBEZXZpbA==,Printed Film Format,Digital,
TGF0ZSBOaWdodCB3aXRoIHRoZSBEZXZpbA==,,,
TGF0ZSBOaWdodCB3aXRoIHRoZSBEZXZpbA==,,,
TW9ua2V5IE1hbg==,Runtime,2h 1m(121 min),
TW9ua2V5IE1hbg==,Sound mix,Dolby Atmos,/search/title/?sound_mixes=dolby_atmos&ref_=ttspec_spec_2
TW9ua2V5IE1hbg==,Color,Color,/search/title/?colors=color&ref_=ttspec_spec_3
TW9ua2V5IE1hbg==,Aspect ratio,2.39 : 1,
TW9ua2V5IE1hbg==,Camera,"Arri Alexa Mini, Cooke Anamorphic/i and Speed Panchro Lenses",
TW9ua2V5IE1hbg==,Negative Format,Codex,
TW9ua2V5IE1hbg==,Cinematographic Process,ARRIRAW(source format)Digital Intermediate(master format),
TW9ua2V5IE1hbg==,Printed Film Format,DCP Digital Cinema Package,
TW9ua2V5IE1hbg==,,,
TW9ua2V5IE1hbg==,,,
UmViZWwgTW9vbiAtIFBhcnQgT25lOiBBIENoaWxkIG9mIEZpcmU=,Runtime,2h 13m(133 min),
UmViZWwgTW9vbiAtIFBhcnQgT25lOiBBIENoaWxkIG9mIEZpcmU=,Sound mix,Dolby AtmosDolby Digital,/search/title/?sound_mixes=dolby_atmos&ref_=ttspec_spec_2
UmViZWwgTW9vbiAtIFBhcnQgT25lOiBBIENoaWxkIG9mIEZpcmU=,Color,Color,/search/title/?colors=color&ref_=ttspec_spec_3
UmViZWwgTW9vbiAtIFBhcnQgT25lOiBBIENoaWxkIG9mIEZpcmU=,Aspect ratio,2.39 : 12.76 : 1(70mm),
UmViZWwgTW9vbiAtIFBhcnQgT25lOiBBIENoaWxkIG9mIEZpcmU=,Camera,"Red V-Raptor XL, Zero Optik Summiscope Lenses",
UmViZWwgTW9vbiAtIFBhcnQgT25lOiBBIENoaWxkIG9mIEZpcmU=,Laboratory,"Company 3, Los Angeles (CA), USA(digital intermediate)",
UmViZWwgTW9vbiAtIFBhcnQgT25lOiBBIENoaWxkIG9mIEZpcmU=,Negative Format,Redcode RAW,
UmViZWwgTW9vbiAtIFBhcnQgT25lOiBBIENoaWxkIG9mIEZpcmU=,Cinematographic Process,"Digital Intermediate(4K, master format)Dolby VisionRedcode RAW(8K, source format)Summiscope(anamorphic, source format)",
UmViZWwgTW9vbiAtIFBhcnQgT25lOiBBIENoaWxkIG9mIEZpcmU=,Printed Film Format,70 mm(Kodak Vision 2383)D-CinemaVideo(UHD),
UmViZWwgTW9vbiAtIFBhcnQgT25lOiBBIENoaWxkIG9mIEZpcmU=,,,
UmViZWwgTW9vbiAtIFBhcnQgT25lOiBBIENoaWxkIG9mIEZpcmU=,,,
QW55b25lIEJ1dCBZb3U=,Runtime,1h 43m(103 min),
QW55b25lIEJ1dCBZb3U=,Color,Color,/search/title/?colors=color&ref_=ttspec_spec_3
QW55b25lIEJ1dCBZb3U=,Aspect ratio,2.39 : 1,
QW55b25lIEJ1dCBZb3U=,Camera,"Arri Alexa Mini LF, Arri Signature Prime, Signature Zoom and Angenieux Optimo Ultra Lenses",
QW55b25lIEJ1dCBZb3U=,Laboratory,Company 3,
QW55b25lIEJ1dCBZb3U=,Negative Format,Codex,
QW55b25lIEJ1dCBZb3U=,Cinematographic Process,"ARRIRAW(4.5K, source format)Digital Intermediate(4K, master format)",
QW55b25lIEJ1dCBZb3U=,Printed Film Format,DCP Digital Cinema Package (4K),
QW55b25lIEJ1dCBZb3U=,,,
QW55b25lIEJ1dCBZb3U=,,,
VGhlIEZhbGwgR3V5,Runtime,2h 6m(126 min),
VGhlIEZhbGwgR3V5,Sound mix,Dolby AtmosIMAX 6-Track,/search/title/?sound_mixes=dolby_atmos&ref_=ttspec_spec_2
VGhlIEZhbGwgR3V5,Color,Color,/search/title/?colors=color&ref_=ttspec_spec_3
VGhlIEZhbGwgR3V5,Aspect ratio,2.39 : 1,
VGhlIEZhbGwgR3V5,Camera,"Arri Alexa 35, Panavision T-Series LensesPanavision Panaflex Lightweight(some scenes)Panavision Panaflex Millennium XL2(some scenes)",
VGhlIEZhbGwgR3V5,Laboratory,Company 3,
VGhlIEZhbGwgR3V5,Negative Format,35 mmCodex,
VGhlIEZhbGwgR3V5,Cinematographic Process,"ARRIRAW(4.6K, source format)Digital Intermediate(master format)Panavision(anamorphic, source format)Super 35(source format)",
VGhlIEZhbGwgR3V5,Printed Film Format,DCP Digital Cinema Package,
VGhlIEZhbGwgR3V5,,,
VGhlIEZhbGwgR3V5,,,
TG92ZSBMaWVzIEJsZWVkaW5n,Runtime,1h 44m(104 min)1h 38m(98 min) (Vietnam),
TG92ZSBMaWVzIEJsZWVkaW5n,Color,Color,/search/title/?colors=color&ref_=ttspec_spec_3
TG92ZSBMaWVzIEJsZWVkaW5n,Aspect ratio,2.39 : 1,
TG92ZSBMaWVzIEJsZWVkaW5n,Camera,Arri Alexa Mini,
TG92ZSBMaWVzIEJsZWVkaW5n,Printed Film Format,DCP Digital Cinema Package,
TG92ZSBMaWVzIEJsZWVkaW5n,,,
TG92ZSBMaWVzIEJsZWVkaW5n,,,
QXJneWxsZQ==,Runtime,2h 19m(139 min),
QXJneWxsZQ==,Sound mix,Dolby DigitalIMAX 6-TrackDolby Atmos,/search/title/?sound_mixes=dolby_digital&ref_=ttspec_spec_2
QXJneWxsZQ==,Color,Color,/search/title/?colors=color&ref_=ttspec_spec_3
QXJneWxsZQ==,Aspect ratio,2.39 : 1,
QXJneWxsZQ==,Camera,"Arri Alexa LF, Panavision T-Series LensesArri Alexa Mini LF, Panavision T-Series Lenses",
QXJneWxsZQ==,Laboratory,"Cinelab London(dailies)Goldcrest Post, London, UK(digital intermediate)",
QXJneWxsZQ==,Negative Format,Codex ARRIRAW(4.5K),
QXJneWxsZQ==,Cinematographic Process,"Digital Intermediate(4K, Master Format)Panavision(anamorphic, source format)",
QXJneWxsZQ==,Printed Film Format,D-CinemaDCP Digital Cinema Package (4K),
QXJneWxsZQ==,,,
QXJneWxsZQ==,,,
R29kemlsbGEgeCBLb25nOiBUaGUgTmV3IEVtcGlyZQ==,Runtime,1h 55m(115 min),
R29kemlsbGEgeCBLb25nOiBUaGUgTmV3IEVtcGlyZQ==,Sound mix,IMAX 6-TrackDolby DigitalDolby Surround 7.1Dolby Atmos12-Track Digital Sound(IMAX version)DTS(DTS: X)Sonics-DDP(IMAX version),/search/title/?sound_mixes=imax_6_track&ref_=ttspec_spec_2
R29kemlsbGEgeCBLb25nOiBUaGUgTmV3IEVtcGlyZQ==,Color,Color,/search/title/?colors=color&ref_=ttspec_spec_3
R29kemlsbGEgeCBLb25nOiBUaGUgTmV3IEVtcGlyZQ==,Aspect ratio,1.90 : 1(IMAX: some scenes)2.39 : 1,
R29kemlsbGEgeCBLb25nOiBUaGUgTmV3IEVtcGlyZQ==,Camera,"Arri Alexa Mini LF, Panavision Ultra Vista and SLZ11 LensesIMAX MSM 9802, Canon RF Lenses(some scenes)",
R29kemlsbGEgeCBLb25nOiBUaGUgTmV3IEVtcGlyZQ==,Laboratory,"Company 3, Los Angeles (CA), USA(digital intermediate)",
R29kemlsbGEgeCBLb25nOiBUaGUgTmV3IEVtcGlyZQ==,Negative Format,65 mm(Kodak)Codex,
R29kemlsbGEgeCBLb25nOiBUaGUgTmV3IEVtcGlyZQ==,Cinematographic Process,"ARRIRAW(4.5K, source format)Digital Intermediate(4K, master format)Dolby VisionIMAX(source format, some scenes)Panavision(anamorphic, source format)Spherical(source format)",
R29kemlsbGEgeCBLb25nOiBUaGUgTmV3IEVtcGlyZQ==,Printed Film Format,D-Cinema,
R29kemlsbGEgeCBLb25nOiBUaGUgTmV3IEVtcGlyZQ==,,,
R29kemlsbGEgeCBLb25nOiBUaGUgTmV3IEVtcGlyZQ==,,,
SW1tYWN1bGF0ZQ==,Runtime,1h 29m(89 min),
SW1tYWN1bGF0ZQ==,Color,Color,/search/title/?colors=color&ref_=ttspec_spec_3
SW1tYWN1bGF0ZQ==,Aspect ratio,2.00 : 1,
SW1tYWN1bGF0ZQ==,Camera,"Sony CineAlta Venice, Canon K35 LensesSony Venice",
SW1tYWN1bGF0ZQ==,Laboratory,"Kiwii, Roma, Italy(digital dailies)",
SW1tYWN1bGF0ZQ==,Printed Film Format,DCP Digital Cinema Package,
SW1tYWN1bGF0ZQ==,,,
SW1tYWN1bGF0ZQ==,,,
UG9vciBUaGluZ3M=,Runtime,2h 21m(141 min),
UG9vciBUaGluZ3M=,Sound mix,Dolby Digital,/search/title/?sound_mixes=dolby_digital&ref_=ttspec_spec_2
UG9vciBUaGluZ3M=,Color,ColorBlack and White,/search/title/?colors=color&ref_=ttspec_spec_3
UG9vciBUaGluZ3M=,Aspect ratio,1.66 : 1,
UG9vciBUaGluZ3M=,Camera,"ARRICAM ST, ARRICAM LT, ARRIFLEX 765, ARRIFLEX 416 PlusBeaumont VistaVision Camera, Leitz APO Summicron-R and APO Telyt-R Lenses(some shots)Zeiss Vintage 765 Prime Lens set, Optex 4mm T2 S16, Nikon 6mm T2.8, ARRI/Zeiss 8mm T3.6, ARRI/ Zeiss Master Primes, Angeneiux Optimo EZ-2 Zoom, ARRI/Zeiss 16.5-110mm T2.6 Master Zoom, Angenieux Optimo 24-290mm T2.8 Zoom, ARRI/Zeiss Ultra 16mm Lens Set",
UG9vciBUaGluZ3M=,Laboratory,"Andec Cinegrell Filmtechnik, Berlin, Germany(film processing: Ektachrome)Cinelab, London, UK(film scanning)Company 3, London, UK(digital intermediate)Magyar Filmlaboratórium Vallalat, Budapest, Hungary(film processing)",
UG9vciBUaGluZ3M=,Negative Format,"35 mm(also horizontal, Kodak Vision3 500T 5219, Eastman Double-X 5222, Ektachrome 100D 5294)",
UG9vciBUaGluZ3M=,Cinematographic Process,"Digital Intermediate(4K, master format)Super 35(source format)VistaVision(source format, some scenes)",
UG9vciBUaGluZ3M=,Printed Film Format,35 mmD-CinemaDCP Digital Cinema Package,
UG9vciBUaGluZ3M=,,,
UG9vciBUaGluZ3M=,,,
Um9hZCBIb3VzZQ==,Runtime,2h 1m(121 min),
Um9hZCBIb3VzZQ==,Sound mix,Dolby Digital,/search/title/?sound_mixes=dolby_digital&ref_=ttspec_spec_2
Um9hZCBIb3VzZQ==,Color,Color,/search/title/?colors=color&ref_=ttspec_spec_3
Um9hZCBIb3VzZQ==,Aspect ratio,2.39 : 1,
Um9hZCBIb3VzZQ==,Camera,"Red Komodo, Leitz M 0.8 LensesRed V-Raptor, Leitz M 0.8 Lenses",
Um9hZCBIb3VzZQ==,Laboratory,"Company 3Company 3, Los Angeles (CA), USA(dailies)Company 3, New York (NY), USA(color and finish)",
Um9hZCBIb3VzZQ==,Negative Format,"Redcode RAW(6K, 8K)",
Um9hZCBIb3VzZQ==,Cinematographic Process,"Digital Intermediate(4K, master format)Redcode RAW(6K, 8K, source format)",
Um9hZCBIb3VzZQ==,,,
Um9hZCBIb3VzZQ==,,,
RHVuZQ==,Runtime,2h 35m(155 min),
RHVuZQ==,Sound mix,12-Track Digital Sound(IMAX version)Sonics-DDP(IMAX version)DTS(DTS: X)Auro 11.1Dolby Surround 7.1Dolby AtmosDolby DigitalIMAX 6-Track,/search/title/?sound_mixes=12_track_digital_sound&ref_=ttspec_spec_2
RHVuZQ==,Color,Color,/search/title/?colors=color&ref_=ttspec_spec_3
RHVuZQ==,Aspect ratio,1.43 : 1(IMAX Laser: some scenes)1.90 : 1(Digital IMAX: some scenes)2.39 : 1,
RHVuZQ==,Camera,"Arri Alexa LF IMAX, Panavision H-Series and Ultra Vista LensesArri Alexa Mini LF IMAX, Panavision H-Series and Ultra Vista Lenses",
RHVuZQ==,Laboratory,"FotoKem Creative Services, Burbank (CA), USA(digital intermediate)FotoKem nextLAB(digital dailies)",
RHVuZQ==,Negative Format,Codex,
RHVuZQ==,Cinematographic Process,"ARRIRAW(4.5K, source format)Digital Intermediate(4K, master format)Panavision(anamorphic, source format)",
RHVuZQ==,Printed Film Format,D-Cinema(also 3-D version)DCP Digital Cinema PackageVideo(UHD),
RHVuZQ==,,,
RHVuZQ==,,,
T3BwZW5oZWltZXI=,Runtime,3h(180 min),
T3BwZW5oZWltZXI=,Sound mix,IMAX 6-TrackDolby DigitalDatasatDTS 70 mm,/search/title/?sound_mixes=imax_6_track&ref_=ttspec_spec_2
T3BwZW5oZWltZXI=,Color,ColorBlack and White,/search/title/?colors=color&ref_=ttspec_spec_3
T3BwZW5oZWltZXI=,Aspect ratio,1.43 : 1(IMAX 70mm/Dual Laser: some scenes)1.78 : 1(IMAX Blu-ray & 4K UHD - some scenes)1.90 : 1(IMAX Xenon/Single Laser: some scenes)2.20 : 1(70 mm and Digital)2.35 : 1(35 mm)2.76:1(IMAX version: prologue),
T3BwZW5oZWltZXI=,Camera,"Arriflex 435, Panavision Primo Lenses(some shots)IMAX MKIII, Panavision Sphero 65 and Hasselblad LensesIMAX MKIV, Panavision Sphero 65 and Hasselblad LensesIMAX MSM 9802, Panavision Sphero 65 and Hasselblad LensesPanavision Panaflex System 65 Studio, Panavision Panaspeed and System 65 Lenses",
T3BwZW5oZWltZXI=,Laboratory,"FotoKem Laboratory, Burbank (CA), USA(digital 65mm finishing)FotoKem nextLAB(65mm laboratory services, dailies)",
T3BwZW5oZWltZXI=,Negative Format,"35 mm(Kodak Vision3 500T 5219)65 mm(also horizontal, Kodak Vision3 50D 5203, Vision3 250D 5207, Vision3 500T 5219, Eastman Double-X 5222)",
T3BwZW5oZWltZXI=,Cinematographic Process,IMAXPanavision Super 70Super 35(some shots),
T3BwZW5oZWltZXI=,Printed Film Format,"35 mm35 mm(anamorphic, Kodak Vision 2383)70 mm(also horizontal, also IMAX DMR blow-up, Kodak Vision 2383)D-Cinema",
T3BwZW5oZWltZXI=,,,
T3BwZW5oZWltZXI=,,,
Qm95IEtpbGxzIFdvcmxk,Runtime,1h 51m(111 min),
Qm95IEtpbGxzIFdvcmxk,Color,Color,/search/title/?colors=color&ref_=ttspec_spec_3
Qm95IEtpbGxzIFdvcmxk,Camera,Vantage One4 Large Format Lenses,
Qm95IEtpbGxzIFdvcmxk,,,
Qm95IEtpbGxzIFdvcmxk,,,
QXJ0aHVyIHRoZSBLaW5n,Runtime,1h 47m(107 min),
QXJ0aHVyIHRoZSBLaW5n,Color,Color,/search/title/?colors=color&ref_=ttspec_spec_3
QXJ0aHVyIHRoZSBLaW5n,Aspect ratio,2.39 : 1,
QXJ0aHVyIHRoZSBLaW5n,Camera,"Panavision Millennium DXL2, Panavision T-Series Lenses",
QXJ0aHVyIHRoZSBLaW5n,Laboratory,"Company 3Metadata Cine, Santo Domingo, Dominican Republic(dailies)",
QXJ0aHVyIHRoZSBLaW5n,Negative Format,DXL RAW(8K),
QXJ0aHVyIHRoZSBLaW5n,Cinematographic Process,"Digital Intermediate(4K, master format)Panavision(anamorphic, source format)",
QXJ0aHVyIHRoZSBLaW5n,Printed Film Format,D-Cinema,
QXJ0aHVyIHRoZSBLaW5n,,,
QXJ0aHVyIHRoZSBLaW5n,,,
R2hvc3RidXN0ZXJzOiBGcm96ZW4gRW1waXJl,Runtime,1h 55m(115 min),
R2hvc3RidXN0ZXJzOiBGcm96ZW4gRW1waXJl,Sound mix,IMAX 6-TrackDolby AtmosDTS(DTS: X),/search/title/?sound_mixes=imax_6_track&ref_=ttspec_spec_2
R2hvc3RidXN0ZXJzOiBGcm96ZW4gRW1waXJl,Color,Color,/search/title/?colors=color&ref_=ttspec_spec_3
R2hvc3RidXN0ZXJzOiBGcm96ZW4gRW1waXJl,Aspect ratio,2.39 : 1,
R2hvc3RidXN0ZXJzOiBGcm96ZW4gRW1waXJl,Camera,Arri Alexa LF Mini,
R2hvc3RidXN0ZXJzOiBGcm96ZW4gRW1waXJl,Laboratory,Company 3,
R2hvc3RidXN0ZXJzOiBGcm96ZW4gRW1waXJl,Cinematographic Process,Panavision(anamorphic)Panavision T Series Lenses,
R2hvc3RidXN0ZXJzOiBGcm96ZW4gRW1waXJl,Printed Film Format,35 mmDCP Digital Cinema Package (4K),
R2hvc3RidXN0ZXJzOiBGcm96ZW4gRW1waXJl,,,
R2hvc3RidXN0ZXJzOiBGcm96ZW4gRW1waXJl,,,
S3VuZyBGdSBQYW5kYSA0,Runtime,1h 34m(94 min),
S3VuZyBGdSBQYW5kYSA0,Sound mix,Dolby DigitalDolby AtmosDolby Surround 7.1IMAX 6-TrackAuro 11.1D-Cinema 96kHz Dolby Surround 7.1DTS:X12-Track Digital Sound,/search/title/?sound_mixes=dolby_digital&ref_=ttspec_spec_2
S3VuZyBGdSBQYW5kYSA0,Color,Color,/search/title/?colors=color&ref_=ttspec_spec_3
S3VuZyBGdSBQYW5kYSA0,Aspect ratio,1.85 : 12.39 : 1,
S3VuZyBGdSBQYW5kYSA0,Laboratory,Company 3,
S3VuZyBGdSBQYW5kYSA0,Negative Format,Codex,
S3VuZyBGdSBQYW5kYSA0,Cinematographic Process,Digital 3-D (source format)Dolby Vision,
S3VuZyBGdSBQYW5kYSA0,Printed Film Format,D-Cinema(also 3-D version)DCP Digital Cinema Package,
S3VuZyBGdSBQYW5kYSA0,,,
S3VuZyBGdSBQYW5kYSA0,,,
VGhlIEJlZWtlZXBlcg==,Runtime,1h 45m(105 min),
VGhlIEJlZWtlZXBlcg==,Color,Color,/search/title/?colors=color&ref_=ttspec_spec_3
VGhlIEJlZWtlZXBlcg==,Aspect ratio,2.39 : 1,
VGhlIEJlZWtlZXBlcg==,Camera,"Arri Alexa 35, Cooke Anamorphic/i Lenses",
VGhlIEJlZWtlZXBlcg==,Laboratory,Company 3,
VGhlIEJlZWtlZXBlcg==,Negative Format,Codex ARRIRAW(4.6K),
VGhlIEJlZWtlZXBlcg==,Cinematographic Process,"/i Scope(anamorphic, source format)Digital Intermediate(4K, master format)",
VGhlIEJlZWtlZXBlcg==,Printed Film Format,DCP Digital Cinema Package (4K),
VGhlIEJlZWtlZXBlcg==,,,
VGhlIEJlZWtlZXBlcg==,,,
SGl0IE1hbg==,Runtime,1h 55m(115 min),
SGl0IE1hbg==,Sound mix,Dolby Digital,/search/title/?sound_mixes=dolby_digital&ref_=ttspec_spec_2
SGl0IE1hbg==,Color,Color,/search/title/?colors=color&ref_=ttspec_spec_3
SGl0IE1hbg==,Aspect ratio,2.39:1,
SGl0IE1hbg==,Camera,Sony CineAlta Venice 2(Panavision Primo 70 lenses),
SGl0IE1hbg==,,,
SGl0IE1hbg==,,,
QmFjayB0byBCbGFjaw==,Runtime,2h 2m(122 min),
QmFjayB0byBCbGFjaw==,Sound mix,Stereo(5.1 surround),/search/title/?sound_mixes=stereo&ref_=ttspec_spec_2
QmFjayB0byBCbGFjaw==,Color,Color,/search/title/?colors=color&ref_=ttspec_spec_3
QmFjayB0byBCbGFjaw==,Aspect ratio,1.85 : 1,
QmFjayB0byBCbGFjaw==,Camera,"Arri Alexa 35, Canon K35 Lenses",
QmFjayB0byBCbGFjaw==,Printed Film Format,DCP Digital Cinema Package (4K),
QmFjayB0byBCbGFjaw==,,,
QmFjayB0byBCbGFjaw==,,,
VGhlIEZpcnN0IE9tZW4=,Runtime,1h 59m(119 min),
VGhlIEZpcnN0IE9tZW4=,Color,Color,/search/title/?colors=color&ref_=ttspec_spec_3
VGhlIEZpcnN0IE9tZW4=,Aspect ratio,1.85 : 1,
VGhlIEZpcnN0IE9tZW4=,Laboratory,Company 3,
VGhlIEZpcnN0IE9tZW4=,Printed Film Format,35 mm(spherical)D-CinemaDCP Digital Cinema Package (4K),
VGhlIEZpcnN0IE9tZW4=,,,
VGhlIEZpcnN0IE9tZW4=,,,
V2lzaA==,Runtime,1h 35m(95 min),
V2lzaA==,Sound mix,Dolby DigitalDolby AtmosDolby Surround 7.1IMAX 6-TrackDTS(DTS: X)Auro 11.1D-Cinema 96kHz Dolby Surround 7.112-Track Digital SoundDTSSonics-DDP,/search/title/?sound_mixes=dolby_digital&ref_=ttspec_spec_2
V2lzaA==,Color,Color,/search/title/?colors=color&ref_=ttspec_spec_3
V2lzaA==,Aspect ratio,2.55 : 1,
V2lzaA==,Laboratory,"Technicolor, Hollywood (CA), USA",
V2lzaA==,Negative Format,Codex,
V2lzaA==,Cinematographic Process,"CinemaScopeDigital 3-D(2K, master format)Digital Intermediate (2K) (master format)Dolby Vision",
V2lzaA==,Printed Film Format,D-Cinema(also 3-D version)DCPDCP Digital Cinema PackageDigital(Digital Cinema Package DCP),
V2lzaA==,,,
V2lzaA==,,,
VGhlIFpvbmUgb2YgSW50ZXJlc3Q=,Runtime,1h 45m(105 min),
VGhlIFpvbmUgb2YgSW50ZXJlc3Q=,Sound mix,Dolby Digital,/search/title/?sound_mixes=dolby_digital&ref_=ttspec_spec_2
VGhlIFpvbmUgb2YgSW50ZXJlc3Q=,Color,Color,/search/title/?colors=color&ref_=ttspec_spec_3
VGhlIFpvbmUgb2YgSW50ZXJlc3Q=,Aspect ratio,1.78 : 1,
VGhlIFpvbmUgb2YgSW50ZXJlc3Q=,Camera,"FLIR X8500(American Cinematographer December 2023)Sony CineAlta Venice Rialto, Leitz M 0.8 LensesSony CineAlta Venice, Leitz M 0.8 Lenses",
VGhlIFpvbmUgb2YgSW50ZXJlc3Q=,Negative Format,AXS-R7,
VGhlIFpvbmUgb2YgSW50ZXJlc3Q=,Cinematographic Process,"Digital Intermediate(4K, master format)Spherical(source format)X-OCN ST(6K, source format)",
VGhlIFpvbmUgb2YgSW50ZXJlc3Q=,Printed Film Format,35 mm(Kodak Vision 2383)D-CinemaDCP Digital Cinema Package,
VGhlIFpvbmUgb2YgSW50ZXJlc3Q=,,,
VGhlIFpvbmUgb2YgSW50ZXJlc3Q=,,,
VGhlIEdlbnRsZW1lbg==,Runtime,1h 53m(113 min),
VGhlIEdlbnRsZW1lbg==,Sound mix,Dolby DigitalDolby Surround 7.1Dolby Atmos,/search/title/?sound_mixes=dolby_digital&ref_=ttspec_spec_2
VGhlIEdlbnRsZW1lbg==,Color,Color,/search/title/?colors=color&ref_=ttspec_spec_3
VGhlIEdlbnRsZW1lbg==,Aspect ratio,1.85 : 1(one scene)2.39 : 1,
VGhlIEdlbnRsZW1lbg==,Camera,"Arri Alexa XT Plus, Panavision Primo and Angenieux Optimo Lenses",
VGhlIEdlbnRsZW1lbg==,Negative Format,Codex,
VGhlIEdlbnRsZW1lbg==,Cinematographic Process,"ARRIRAW(3.4K, source format)Digital Intermediate(4K, master format)",
VGhlIEdlbnRsZW1lbg==,Printed Film Format,D-Cinema,
VGhlIEdlbnRsZW1lbg==,,,
VGhlIEdlbnRsZW1lbg==,,,
R2xhc3M=,Runtime,2h 9m(129 min),
R2xhc3M=,Sound mix,Dolby AtmosDolby Surround 7.1Dolby Digital,/search/title/?sound_mixes=dolby_atmos&ref_=ttspec_spec_2
R2xhc3M=,Color,Color,/search/title/?colors=color&ref_=ttspec_spec_3
R2xhc3M=,Aspect ratio,2.39 : 1,
R2xhc3M=,Camera,"Arri Alexa Mini, Arri/Zeiss Master Prime and Angenieux Optimo LensesArri Alexa SXT, Zeiss Master Prime, Angenieux Optimo and Fujinon Alura Lenses",
R2xhc3M=,Laboratory,"Technicolor(digital dailies)Technicolor, Los Angeles (CA), USA(color, digital intermediate)",
R2xhc3M=,Negative Format,Codex,
R2xhc3M=,Cinematographic Process,"ARRIRAW(3.4K, source format)Digital Intermediate(4K, master format)Dolby Vision",
R2xhc3M=,Printed Film Format,D-Cinema,
R2xhc3M=,,,
R2xhc3M=,,,
VGhlIFNoYXdzaGFuayBSZWRlbXB0aW9u,Runtime,2h 22m(142 min),
VGhlIFNoYXdzaGFuayBSZWRlbXB0aW9u,Sound mix,Dolby Digital,/search/title/?sound_mixes=dolby_digital&ref_=ttspec_spec_2
VGhlIFNoYXdzaGFuayBSZWRlbXB0aW9u,Color,Color(Technicolor),/search/title/?colors=color&ref_=ttspec_spec_3
VGhlIFNoYXdzaGFuayBSZWRlbXB0aW9u,Aspect ratio,1.85 : 1,
VGhlIFNoYXdzaGFuayBSZWRlbXB0aW9u,Camera,"Arriflex 35 BL4S, Zeiss Standard Speed and Super Speed LensesMoviecam Compact, Zeiss Standard Speed and Super Speed Lenses",
VGhlIFNoYXdzaGFuayBSZWRlbXB0aW9u,Laboratory,"DuArt Film Laboratories Inc., New York, USA(dailies)Technicolor, Hollywood (CA), USA(color, prints)",
VGhlIFNoYXdzaGFuayBSZWRlbXB0aW9u,Film Length,"3,907 m(Sweden)",
VGhlIFNoYXdzaGFuayBSZWRlbXB0aW9u,Negative Format,"35 mm(Eastman EXR 100T 5248, EXR 200T 5293)",
VGhlIFNoYXdzaGFuayBSZWRlbXB0aW9u,Cinematographic Process,"Digital Intermediate(4K, 2021 remaster)Dolby VisionHDR10Spherical",
VGhlIFNoYXdzaGFuayBSZWRlbXB0aW9u,Printed Film Format,16 mm(Eastman 5384)35 mm,
VGhlIFNoYXdzaGFuayBSZWRlbXB0aW9u,,,
VGhlIFNoYXdzaGFuayBSZWRlbXB0aW9u,,,
QW5hdG9taWUgZCd1bmUgY2h1dGU=,Runtime,2h 31m(151 min),
QW5hdG9taWUgZCd1bmUgY2h1dGU=,Sound mix,Dolby Digital,/search/title/?sound_mixes=dolby_digital&ref_=ttspec_spec_2
QW5hdG9taWUgZCd1bmUgY2h1dGU=,Color,Color,/search/title/?colors=color&ref_=ttspec_spec_3
QW5hdG9taWUgZCd1bmUgY2h1dGU=,Aspect ratio,1.85 : 1,
QW5hdG9taWUgZCd1bmUgY2h1dGU=,Camera,"Arri Alexa Mini LF, Hawk V-Lite and Angenieux Optimo Lenses",
QW5hdG9taWUgZCd1bmUgY2h1dGU=,Laboratory,"M141, Paris, France",
QW5hdG9taWUgZCd1bmUgY2h1dGU=,Negative Format,Codex ARRIRAW(2.8K),
QW5hdG9taWUgZCd1bmUgY2h1dGU=,Cinematographic Process,"Digital Intermediate(2K, master format)Hawk Scope(anamorphic, source format)",
QW5hdG9taWUgZCd1bmUgY2h1dGU=,Printed Film Format,D-CinemaDCP Digital Cinema Package,
QW5hdG9taWUgZCd1bmUgY2h1dGU=,,,
QW5hdG9taWUgZCd1bmUgY2h1dGU=,,,
QW5uYQ==,Runtime,1h 58m(118 min),
QW5uYQ==,Sound mix,Dolby Digital,/search/title/?sound_mixes=dolby_digital&ref_=ttspec_spec_2
QW5uYQ==,Color,Color,/search/title/?colors=color&ref_=ttspec_spec_3
QW5uYQ==,Aspect ratio,2.35 : 1,
QW5uYQ==,Camera,Arri Alexa MiniLeitz M 0.8 lensesLeitz SUMMICRON-C lenses,
QW5uYQ==,Printed Film Format,Digital(Digital Cinema Package DCP),
QW5uYQ==,,,
QW5uYQ==,,,
TWlncmF0aW9u,Runtime,1h 23m(83 min),
TWlncmF0aW9u,Sound mix,Dolby DigitalIMAX 6-TrackDolby Atmos12-Track Digital SoundDTS(DTS: X)Auro 11.1DTS:X,/search/title/?sound_mixes=dolby_digital&ref_=ttspec_spec_2
TWlncmF0aW9u,Color,Color,/search/title/?colors=color&ref_=ttspec_spec_3
TWlncmF0aW9u,Aspect ratio,2.35 : 1,
TWlncmF0aW9u,Laboratory,"Company 3DeLuxe, Hollywood (CA), USA",
TWlncmF0aW9u,Negative Format,35 mm,
TWlncmF0aW9u,Cinematographic Process,"Digital 3-D(source format)Digital Intermediate(2K, master format)Dolby Vision",
TWlncmF0aW9u,Printed Film Format,D-Cinema(also 3-D version)DCP Digital Cinema Package,
TWlncmF0aW9u,,,
TWlncmF0aW9u,,,
VW5zdW5nIEhlcm8=,Runtime,1h 52m(112 min) (United States),
VW5zdW5nIEhlcm8=,Color,Color,/search/title/?colors=color&ref_=ttspec_spec_3
VW5zdW5nIEhlcm8=,Camera,Arri Alexa(LF),
VW5zdW5nIEhlcm8=,,,
VW5zdW5nIEhlcm8=,,,
WA==,Runtime,1h 45m(105 min),
WA==,Sound mix,Dolby AtmosDolby Digital,/search/title/?sound_mixes=dolby_atmos&ref_=ttspec_spec_2
WA==,Color,Color,/search/title/?colors=color&ref_=ttspec_spec_3
WA==,Aspect ratio,"1.37 : 1(windowboxed, some shots)1.90 : 1",
WA==,Camera,Sony CineAlta Venice(MiniHawk Lenses),
WA==,Laboratory,"Moxion, USA(dailies cloud)Park Road Post Production, Wellington, NZ(digital intermediate and mastering services by)",
WA==,Cinematographic Process,"Digital Intermediate(4K, master format)",
WA==,Printed Film Format,35 mmDCP Digital Cinema Package,
WA==,,,
WA==,,,
VGhlIEdvZGZhdGhlcg==,Runtime,2h 55m(175 min),
VGhlIEdvZGZhdGhlcg==,Sound mix,DTS(re-release)MonoDolby Digital,/search/title/?sound_mixes=dts&ref_=ttspec_spec_2
VGhlIEdvZGZhdGhlcg==,Color,ColorColor(Technicolor),/search/title/?colors=color&ref_=ttspec_spec_3
VGhlIEdvZGZhdGhlcg==,Aspect ratio,1.37 : 1(negative ratio)1.85 : 1,
VGhlIEdvZGZhdGhlcg==,Camera,"Arriflex 35 IIC, Bausch & Lomb Super Baltar and Angénieux LensesMitchell BNCR, Bausch & Lomb Super Baltar Lenses",
VGhlIEdvZGZhdGhlcg==,Laboratory,"Technicolor S.p.a., Roma, ItalyTechnicolor, Hollywood (CA), USA(prints)",
VGhlIEdvZGZhdGhlcg==,Film Length,"177 m4,804 m1,069 m4,810 m(Sweden)",
VGhlIEdvZGZhdGhlcg==,Negative Format,35 mm(Eastman 100T 5254),
VGhlIEdvZGZhdGhlcg==,Cinematographic Process,"Digital Intermediate(4K, 2008 restoration)Digital Intermediate(4K, 2022 restoration)Dolby VisionSpherical",
VGhlIEdvZGZhdGhlcg==,Printed Film Format,"35 mm(Technicolor Dye Transfer prints)70 mm(blow-up, Japan)8 mm",
VGhlIEdvZGZhdGhlcg==,,,
VGhlIEdvZGZhdGhlcg==,,,
QXNwaGFsdCBDaXR5,Runtime,2h 5m(125 min),
QXNwaGFsdCBDaXR5,Sound mix,Dolby Digital,/search/title/?sound_mixes=dolby_digital&ref_=ttspec_spec_2
QXNwaGFsdCBDaXR5,Color,Color,/search/title/?colors=color&ref_=ttspec_spec_3
QXNwaGFsdCBDaXR5,Aspect ratio,2.39 : 1,
QXNwaGFsdCBDaXR5,Camera,ARRI Alexa Mini LF and Moviecam lenses,
QXNwaGFsdCBDaXR5,,,
QXNwaGFsdCBDaXR5,,,
RGFtc2Vs,Runtime,1h 50m(110 min),
RGFtc2Vs,Sound mix,Dolby Atmos,/search/title/?sound_mixes=dolby_atmos&ref_=ttspec_spec_2
RGFtc2Vs,Color,Color,/search/title/?colors=color&ref_=ttspec_spec_3
RGFtc2Vs,Aspect ratio,2.39 : 1,
RGFtc2Vs,Camera,"Sony CineAlta Venice, Panavision T-Series Lenses",
RGFtc2Vs,Laboratory,"Company 3, London, UK(color, finish)",
RGFtc2Vs,Negative Format,AXS-R7,
RGFtc2Vs,Cinematographic Process,"Digital Intermediate(4K, master format)Panavision(anamorphic, source format)",
RGFtc2Vs,Printed Film Format,Video(UHD),
RGFtc2Vs,,,
RGFtc2Vs,,,
T25jZSBVcG9uIGEgVGltZSBpbi4uLiBIb2xseXdvb2Q=,Runtime,2h 41m(161 min),
T25jZSBVcG9uIGEgVGltZSBpbi4uLiBIb2xseXdvb2Q=,Sound mix,Dolby DigitalDolby Digital(Dolby 5.1)Dolby AtmosDolby Surround 7.1,/search/title/?sound_mixes=dolby_digital&ref_=ttspec_spec_2
T25jZSBVcG9uIGEgVGltZSBpbi4uLiBIb2xseXdvb2Q=,Color,ColorBlack and White,/search/title/?colors=color&ref_=ttspec_spec_3
T25jZSBVcG9uIGEgVGltZSBpbi4uLiBIb2xseXdvb2Q=,Aspect ratio,"1.33 : 1(Bounty Law, Interview Segment, Operazione Dyn-O-Mite! Behind the scenes footage, Sharon Tate's Super 8 footage, & Red Apple Cigarettes Commercial)1.85 : 1(The 14 Fists of McCluskey)2.39 : 1",
T25jZSBVcG9uIGEgVGltZSBpbi4uLiBIb2xseXdvb2Q=,Camera,"Aaton A-MinimaArriflex 435, Panavision Primo, C-, E-, T-Series and Ultra Speed Golden LensesBolex CameraPanavision Panaflex Millennium XL2, Panavision Primo, C-, E-, T-Series, Ultra Speed Golden, Normal Speed MKII, Ultra Speed MKII, Cooke Varotal and Angenieux Lenses",
T25jZSBVcG9uIGEgVGltZSBpbi4uLiBIb2xseXdvb2Q=,Laboratory,"FotoKem Laboratory, Burbank (CA), USA(prints)Harbor Picture Company, Santa Monica (CA), USA(digital intermediate)",
T25jZSBVcG9uIGEgVGltZSBpbi4uLiBIb2xseXdvb2Q=,Film Length,9 reels,
T25jZSBVcG9uIGEgVGltZSBpbi4uLiBIb2xseXdvb2Q=,Negative Format,"16 mm(Kodak Ektachrome 100D 7285)35 mm(Kodak Vision3 200T 5213, Vision3 500T 5219, Eastman Double-X 5222)8 mm(Kodak Ektachrome 100D 7294)",
T25jZSBVcG9uIGEgVGltZSBpbi4uLiBIb2xseXdvb2Q=,Cinematographic Process,"Digital Intermediate(4K, master format)Dolby VisionPanavision(anamorphic, source format)Spherical(source format, some scenes)Super 35(3-perf, source format, The 14 Fists of McCluskey)Super 8(source format, one scene)",
T25jZSBVcG9uIGEgVGltZSBpbi4uLiBIb2xseXdvb2Q=,Printed Film Format,"35 mm(partial blow-up, Kodak Vision 2383)70 mm(blow-up, Kodak Vision 2383)D-Cinema",
T25jZSBVcG9uIGEgVGltZSBpbi4uLiBIb2xseXdvb2Q=,,,
T25jZSBVcG9uIGEgVGltZSBpbi4uLiBIb2xseXdvb2Q=,,,
RHVuZQ==,Runtime,2h 17m(137 min)3h 10m(190 min) (special edition) (United States)2h 57m(177 min) (extended cut)2h 59m(179 min) (Spicediver Cut),
RHVuZQ==,Sound mix,70 mm 6-Track(70 mm prints)Dolby Stereo(35 mm prints),/search/title/?sound_mixes=70_mm_6_track&ref_=ttspec_spec_2
RHVuZQ==,Color,Color,/search/title/?colors=color&ref_=ttspec_spec_3
RHVuZQ==,Aspect ratio,2.20 : 1(70 mm prints)2.35 : 1,
RHVuZQ==,Camera,"Arriflex 35 BL2, Todd-AO LensesPhoto-Sonics 4E, Todd-AO Lenses",
RHVuZQ==,Laboratory,"Technicolor, Hollywood (CA), USA(color)",
RHVuZQ==,Film Length,"3,730 m(Norway)3,736 m(Sweden)3,755 m(Finland)",
RHVuZQ==,Negative Format,"35 mm(also horizontal, Eastman 125T 5247, 400T 5294)",
RHVuZQ==,Cinematographic Process,"Digital Intermediate(4K, 2021 remaster)Dolby VisionTodd-AO 35(anamorphic)VistaVision(visual effects)",
RHVuZQ==,Printed Film Format,"35 mm(Eastman 5384)70 mm(blow-up, Eastman 5384)",
RHVuZQ==,,,
RHVuZQ==,,,
SW50ZXJzdGVsbGFy,Runtime,2h 49m(169 min),
SW50ZXJzdGVsbGFy,Sound mix,DatasatDolby DigitalIMAX 6-TrackDolby Surround 7.1Sonics-DDP(IMAX version),/search/title/?sound_mixes=datasat&ref_=ttspec_spec_2
SW50ZXJzdGVsbGFy,Color,Color(FotoKem)Color,/search/title/?colors=color&ref_=ttspec_spec_3
SW50ZXJzdGVsbGFy,Aspect ratio,"1.43 : 1(IMAX 70 mm: some scenes)1.78 : 1(IMAX Blu-ray & 4K UHD - some scenes)1.90 : 1(Digital IMAX - some scenes)2.20 : 1(70 mm prints)2.39 : 12.39 : 1(35 mm prints, Digital)",
SW50ZXJzdGVsbGFy,Camera,"Beaumont VistaVision Camera, Leica LensesIMAX MSM 9802, Hasselblad and Mamiya LensesPanavision Panaflex Millennium XL2, Panavision C-, D-, E-Series and Ultra Speed Golden Lenses",
SW50ZXJzdGVsbGFy,Laboratory,"FotoKem Laboratory, Burbank (CA), USA(also prints)",
SW50ZXJzdGVsbGFy,Film Length,"17,115 m (49 reels)4,582 m(Spain)4,631 m (8 reels)",
SW50ZXJzdGVsbGFy,Negative Format,"35 mm(also horizontal, Kodak Vision3 50D 5203, Vision3 250D 5207, Vision3 500T 5219)65 mm(horizontal, Kodak Vision3 50D 5203, Vision3 250D 5207, Vision3 500T 5219)",
SW50ZXJzdGVsbGFy,Cinematographic Process,IMAXPanavision(anamorphic)VistaVision(some scenes),
SW50ZXJzdGVsbGFy,Printed Film Format,"35 mm(Kodak Vision 2383)70 mm(also horizontal, also IMAX DMR blow-up, Kodak Vision 2383)D-Cinema",
SW50ZXJzdGVsbGFy,,,
SW50ZXJzdGVsbGFy,,,
TGFuZCBvZiBCYWQ=,Runtime,1h 53m(113 min),
TGFuZCBvZiBCYWQ=,Color,Color,/search/title/?colors=color&ref_=ttspec_spec_3
TGFuZCBvZiBCYWQ=,Aspect ratio,2.4:1,
TGFuZCBvZiBCYWQ=,Camera,Arri Alexa Mini LF,
TGFuZCBvZiBCYWQ=,,,
TGFuZCBvZiBCYWQ=,,,
QmFkZSBNaXlhbiBDaG90ZSBNaXlhbg==,Runtime,2h 43m(163 min),
QmFkZSBNaXlhbiBDaG90ZSBNaXlhbg==,Sound mix,Dolby AtmosDolby DigitalIMAX 6-Track,/search/title/?sound_mixes=dolby_atmos&ref_=ttspec_spec_2
QmFkZSBNaXlhbiBDaG90ZSBNaXlhbg==,Color,Color,/search/title/?colors=color&ref_=ttspec_spec_3
QmFkZSBNaXlhbiBDaG90ZSBNaXlhbg==,Aspect ratio,2.39 : 1,
QmFkZSBNaXlhbiBDaG90ZSBNaXlhbg==,Camera,Sony CineAlta Venice 2,
QmFkZSBNaXlhbiBDaG90ZSBNaXlhbg==,Negative Format,AXSM,
QmFkZSBNaXlhbiBDaG90ZSBNaXlhbg==,Cinematographic Process,Digital Intermediate(master format)X-OCN XT(source format),
QmFkZSBNaXlhbiBDaG90ZSBNaXlhbg==,Printed Film Format,DCP Digital Cinema Package,
QmFkZSBNaXlhbiBDaG90ZSBNaXlhbg==,,,
QmFkZSBNaXlhbiBDaG90ZSBNaXlhbg==,,,
U2Nvb3A=,Runtime,1h 42m(102 min),
U2Nvb3A=,Sound mix,Dolby Digital,/search/title/?sound_mixes=dolby_digital&ref_=ttspec_spec_2
U2Nvb3A=,Color,Color,/search/title/?colors=color&ref_=ttspec_spec_3
U2Nvb3A=,Aspect ratio,2.39:1,
U2Nvb3A=,,,
U2Nvb3A=,,,
U2xlZXBpbmcgRG9ncw==,Runtime,1h 50m(110 min),
U2xlZXBpbmcgRG9ncw==,Color,Color,/search/title/?colors=color&ref_=ttspec_spec_3
U2xlZXBpbmcgRG9ncw==,Printed Film Format,DCP Digital Cinema Package,
U2xlZXBpbmcgRG9ncw==,,,
U2xlZXBpbmcgRG9ncw==,,,
SHVtYW5l,Runtime,1h 33m(93 min),
SHVtYW5l,Color,Color,/search/title/?colors=color&ref_=ttspec_spec_3
SHVtYW5l,,,
SHVtYW5l,,,
U2FsdGJ1cm4=,Runtime,2h 11m(131 min),
U2FsdGJ1cm4=,Sound mix,Dolby DigitalDolby Atmos,/search/title/?sound_mixes=dolby_digital&ref_=ttspec_spec_2
U2FsdGJ1cm4=,Color,Color,/search/title/?colors=color&ref_=ttspec_spec_3
U2FsdGJ1cm4=,Aspect ratio,1.37 : 1,
U2FsdGJ1cm4=,Camera,"Arriflex 435 Xtreme, Panavision Primo LensesPanavision Panaflex Millennium XL2, Panavision Primo Lenses",
U2FsdGJ1cm4=,Laboratory,"Cinelab, London, UK(processing)Company 3, Los Angeles (CA), USA(digital intermediate, dailies)",
U2FsdGJ1cm4=,Negative Format,"35 mm(Kodak Vision3 50D 5203, Vision3 200T 5213, Vision3 500T 5219)",
U2FsdGJ1cm4=,Cinematographic Process,"Digital Intermediate(4K, master format)Spherical(source format)",
U2FsdGJ1cm4=,Printed Film Format,D-Cinema,
U2FsdGJ1cm4=,,,
U2FsdGJ1cm4=,,,
QmFyYmll,Runtime,1h 54m(114 min)2h(120 min) (IMAX Version),
QmFyYmll,Sound mix,Dolby DigitalIMAX 6-Track12-Track Digital SoundD-Cinema 96kHz 7.1Auro 11.1Dolby AtmosDTS:X,/search/title/?sound_mixes=dolby_digital&ref_=ttspec_spec_2
QmFyYmll,Color,Color,/search/title/?colors=color&ref_=ttspec_spec_3
QmFyYmll,Aspect ratio,1.90 : 1(IMAX version)2.00 : 1,
QmFyYmll,Camera,"Arri Alexa 65, Panavision System 65 Lenses",
QmFyYmll,Laboratory,"Company 3, Los Angeles (CA), USA(dailies)Company 3, New York (NY), USA(color, finish)Warner Bros. De Lane Lea, London, UK(digital dailies)",
QmFyYmll,Negative Format,Codex,
QmFyYmll,Cinematographic Process,"ARRIRAW(6.5K, source format)Digital Intermediate(4K, master format)",
QmFyYmll,Printed Film Format,D-CinemaDCP Digital Cinema Package,
QmFyYmll,,,
QmFyYmll,,,
V29ua2E=,Runtime,1h 56m(116 min),
V29ua2E=,Sound mix,Dolby AtmosDolby DigitalIMAX 6-TrackDolby Surround 7.1Auro 11.112-Track Digital SoundDTS:X,/search/title/?sound_mixes=dolby_atmos&ref_=ttspec_spec_2
V29ua2E=,Color,Color,/search/title/?colors=color&ref_=ttspec_spec_3
V29ua2E=,Aspect ratio,2.39 : 1,
V29ua2E=,Camera,"Alexa LF(Xelmus Apollo Anamorphic 2X Lenses)Arri Alexa LF, Cooke Anamorphic/i Full Frame Plus LensesArri Alexa Mini LF, Cooke Anamorphic/i Full Frame Plus Lenses",
V29ua2E=,Laboratory,"Warner Bros. De Lane Lea, London, UK(digital dailies)",
V29ua2E=,Negative Format,Codex,
V29ua2E=,Cinematographic Process,"/i Scope(anamorphic, 1.8x, source format)ARRIRAW(4.5K, source format)Digital Intermediate(4K, Master Format)",
V29ua2E=,Printed Film Format,DCP,
V29ua2E=,,,
V29ua2E=,,,
QW1hciBTaW5naCBDaGFta2lsYQ==,Runtime,2h 25m(145 min),
QW1hciBTaW5naCBDaGFta2lsYQ==,Sound mix,Dolby Digital,/search/title/?sound_mixes=dolby_digital&ref_=ttspec_spec_2
QW1hciBTaW5naCBDaGFta2lsYQ==,Color,Color,/search/title/?colors=color&ref_=ttspec_spec_3
QW1hciBTaW5naCBDaGFta2lsYQ==,Aspect ratio,2.39 : 1,
QW1hciBTaW5naCBDaGFta2lsYQ==,Camera,"Sony CineAlta Venice, Cooke Anamorphic/i Lenses",
QW1hciBTaW5naCBDaGFta2lsYQ==,Negative Format,AXS-R7,
QW1hciBTaW5naCBDaGFta2lsYQ==,Cinematographic Process,/i Scope(anamorphic)Digital Intermediate(master format)X-OCN ST(source format),
QW1hciBTaW5naCBDaGFta2lsYQ==,Printed Film Format,Video(UHD),
QW1hciBTaW5naCBDaGFta2lsYQ==,,,
QW1hciBTaW5naCBDaGFta2lsYQ==,,,
TWFkYW1lIFdlYg==,Runtime,1h 56m(116 min),
TWFkYW1lIFdlYg==,Sound mix,IMAX 6-TrackDolby Atmos,/search/title/?sound_mixes=imax_6_track&ref_=ttspec_spec_2
TWFkYW1lIFdlYg==,Color,Color,/search/title/?colors=color&ref_=ttspec_spec_3
TWFkYW1lIFdlYg==,Aspect ratio,2.39 : 1,
TWFkYW1lIFdlYg==,Camera,"Arri Alexa Mini LF, Panavision Panaspeed Lenses",
TWFkYW1lIFdlYg==,Laboratory,Company 3,
TWFkYW1lIFdlYg==,Negative Format,Codex,
TWFkYW1lIFdlYg==,Cinematographic Process,"ARRIRAW(4.5K, source format)Digital Intermediate(4K, Master Format)",
TWFkYW1lIFdlYg==,Printed Film Format,DCP Digital Cinema Package (4K),
TWFkYW1lIFdlYg==,,,
TWFkYW1lIFdlYg==,,,
QWxsIG9mIFVzIFN0cmFuZ2Vycw==,Runtime,1h 45m(105 min),
QWxsIG9mIFVzIFN0cmFuZ2Vycw==,Sound mix,Dolby Digital,/search/title/?sound_mixes=dolby_digital&ref_=ttspec_spec_2
QWxsIG9mIFVzIFN0cmFuZ2Vycw==,Color,Color,/search/title/?colors=color&ref_=ttspec_spec_3
QWxsIG9mIFVzIFN0cmFuZ2Vycw==,Aspect ratio,2.39 : 1,
QWxsIG9mIFVzIFN0cmFuZ2Vycw==,Camera,"Arricam LT, Zeiss Master Prime and Angenieux Optimo LensesArricam ST, Zeiss Master Prime and Angenieux Optimo Lenses",
QWxsIG9mIFVzIFN0cmFuZ2Vycw==,Laboratory,"Cinelab, London, UK(film processing)Company 3, New York (NY), USA(digital intermediate)",
QWxsIG9mIFVzIFN0cmFuZ2Vycw==,Negative Format,"35 mm(Kodak Vision3 50D 5203, Vision3 250D 5207, Vision3 500T 5219)",
QWxsIG9mIFVzIFN0cmFuZ2Vycw==,Cinematographic Process,"Digital Intermediate(4K, master format)Super 35(3-perf, source format)",
QWxsIG9mIFVzIFN0cmFuZ2Vycw==,Printed Film Format,D-Cinema,
QWxsIG9mIFVzIFN0cmFuZ2Vycw==,,,
QWxsIG9mIFVzIFN0cmFuZ2Vycw==,,,
Um9hZCBIb3VzZQ==,Runtime,1h 54m(114 min),
Um9hZCBIb3VzZQ==,Sound mix,Dolby SR,/search/title/?sound_mixes=dolby_sr&ref_=ttspec_spec_2
Um9hZCBIb3VzZQ==,Color,Color,/search/title/?colors=color&ref_=ttspec_spec_3
Um9hZCBIb3VzZQ==,Aspect ratio,2.39 : 1,
Um9hZCBIb3VzZQ==,Camera,"Panavision Panaflex Gold II, Panavision C- and E-Series Lenses",
Um9hZCBIb3VzZQ==,Laboratory,"DeLuxe, Hollywood (CA), USA(color)",
Um9hZCBIb3VzZQ==,Negative Format,"35 mm(Eastman 400T 5295, 250D 5297)",
Um9hZCBIb3VzZQ==,Cinematographic Process,"Digital Intermediate(4K, 2022 remaster)Panavision(anamorphic)",
Um9hZCBIb3VzZQ==,Printed Film Format,35 mm,
Um9hZCBIb3VzZQ==,,,
Um9hZCBIb3VzZQ==,,,
RGF6ZWQgYW5kIENvbmZ1c2Vk,Runtime,1h 43m(103 min),
RGF6ZWQgYW5kIENvbmZ1c2Vk,Sound mix,Dolby DigitalDolby SR,/search/title/?sound_mixes=dolby_digital&ref_=ttspec_spec_2
RGF6ZWQgYW5kIENvbmZ1c2Vk,Color,Color,/search/title/?colors=color&ref_=ttspec_spec_3
RGF6ZWQgYW5kIENvbmZ1c2Vk,Aspect ratio,1.85 : 1,
RGF6ZWQgYW5kIENvbmZ1c2Vk,Camera,Arriflex 35 III,
RGF6ZWQgYW5kIENvbmZ1c2Vk,Laboratory,"Allied/WBS Film & Video Services, Dallas (TX), USA(processing)DeLuxe, Hollywood (CA), USA(prints)",
RGF6ZWQgYW5kIENvbmZ1c2Vk,Negative Format,35 mm(Eastman),
RGF6ZWQgYW5kIENvbmZ1c2Vk,Cinematographic Process,"Digital Intermediate(4K, 2023 remaster)Dolby VisionSpherical",
RGF6ZWQgYW5kIENvbmZ1c2Vk,Printed Film Format,35 mm,
RGF6ZWQgYW5kIENvbmZ1c2Vk,,,
RGF6ZWQgYW5kIENvbmZ1c2Vk,,,
UGVyZmVjdCBEYXlz,Runtime,2h 4m(124 min),
UGVyZmVjdCBEYXlz,Sound mix,Dolby Digital,/search/title/?sound_mixes=dolby_digital&ref_=ttspec_spec_2
UGVyZmVjdCBEYXlz,Color,Color,/search/title/?colors=color&ref_=ttspec_spec_3
UGVyZmVjdCBEYXlz,Aspect ratio,1.33 : 1,
UGVyZmVjdCBEYXlz,Camera,"Sony Venice 2, Canon K35 LensesSony Venice Rialto, Canon K35 Lenses",
UGVyZmVjdCBEYXlz,Negative Format,Digital,
UGVyZmVjdCBEYXlz,Cinematographic Process,"Digital Intermediate(4K, master format)X-OCN XT(4K, source format)",
UGVyZmVjdCBEYXlz,Printed Film Format,DCPDCP Digital Cinema Package,
UGVyZmVjdCBEYXlz,,,
UGVyZmVjdCBEYXlz,,,
S2lsbGVycyBvZiB0aGUgRmxvd2VyIE1vb24=,Runtime,3h 26m(206 min),
S2lsbGVycyBvZiB0aGUgRmxvd2VyIE1vb24=,Sound mix,Dolby AtmosDolby DigitalIMAX 6-Track,/search/title/?sound_mixes=dolby_atmos&ref_=ttspec_spec_2
S2lsbGVycyBvZiB0aGUgRmxvd2VyIE1vb24=,Color,ColorBlack and White(some scenes)Black and White,/search/title/?colors=color&ref_=ttspec_spec_3
S2lsbGVycyBvZiB0aGUgRmxvd2VyIE1vb24=,Aspect ratio,1.33 : 1(some shots)2.39 : 1,
S2lsbGVycyBvZiB0aGUgRmxvd2VyIE1vb24=,Camera,"Arricam LT, Panavision T-Series and Petzval LensesArricam ST, Panavision T-Series and Petzval LensesArriflex 435, Panavision T-Series Lenses(high-speed shots)Bell & Howell 2709, Cooke Speed Panchro Lenses(some scenes)Phantom Flex, Panavision T-Series Lenses(high-speed shots)Sony CineAlta Venice, Panavision T-Series and Angenieux Optimo Lenses(some scenes)",
S2lsbGVycyBvZiB0aGUgRmxvd2VyIE1vb24=,Laboratory,"Company 3, Los Angeles (CA), USA(digital intermediate)FotoKem Laboratory, Burbank (CA), USA(film processing)",
S2lsbGVycyBvZiB0aGUgRmxvd2VyIE1vb24=,Negative Format,"35 mm(Kodak Vision3 50D 5203, Vision3 250D 5207, Vision3 500T 5219, Eastman Double-X 5222)AXS-R7(4K)",
S2lsbGVycyBvZiB0aGUgRmxvd2VyIE1vb24=,Cinematographic Process,"Digital Intermediate(4K, master format)Panavision(anamorphic, source format)Spherical(source format, some scenes)",
S2lsbGVycyBvZiB0aGUgRmxvd2VyIE1vb24=,Printed Film Format,D-Cinema,
S2lsbGVycyBvZiB0aGUgRmxvd2VyIE1vb24=,,,
S2lsbGVycyBvZiB0aGUgRmxvd2VyIE1vb24=,,,
Qm9iIE1hcmxleTogT25lIExvdmU=,Runtime,1h 47m(107 min),
Qm9iIE1hcmxleTogT25lIExvdmU=,Sound mix,Dolby Digital,/search/title/?sound_mixes=dolby_digital&ref_=ttspec_spec_2
Qm9iIE1hcmxleTogT25lIExvdmU=,Color,Color,/search/title/?colors=color&ref_=ttspec_spec_3
Qm9iIE1hcmxleTogT25lIExvdmU=,Aspect ratio,2.39 : 1,
Qm9iIE1hcmxleTogT25lIExvdmU=,Camera,"Arri Alexa 35, Panavision Primo, VA and Angenieux Optimo Lenses",
Qm9iIE1hcmxleTogT25lIExvdmU=,Laboratory,"Company 3, London, UK(colour and finish, dailies)",
Qm9iIE1hcmxleTogT25lIExvdmU=,Negative Format,Codex,
Qm9iIE1hcmxleTogT25lIExvdmU=,Cinematographic Process,"ARRIRAW(4.6K, source format)Digital Intermediate(4K, master format)",
Qm9iIE1hcmxleTogT25lIExvdmU=,Printed Film Format,DCP Digital Cinema Package,
Qm9iIE1hcmxleTogT25lIExvdmU=,,,
Qm9iIE1hcmxleTogT25lIExvdmU=,,,
VGhlIElyb24gQ2xhdw==,Runtime,2h 12m(132 min),
VGhlIElyb24gQ2xhdw==,Sound mix,Dolby Digital,/search/title/?sound_mixes=dolby_digital&ref_=ttspec_spec_2
VGhlIElyb24gQ2xhdw==,Color,ColorBlack and White(opening scene),/search/title/?colors=color&ref_=ttspec_spec_3
VGhlIElyb24gQ2xhdw==,Aspect ratio,1.85 : 1,
VGhlIElyb24gQ2xhdw==,Camera,"Arriflex 235, Panavision Primo LensesPanavision Panaflex Millennium XL2, Panavision Primo Lenses",
VGhlIElyb24gQ2xhdw==,Laboratory,"Company 3, Los Angeles (CA), USA(digital intermediate, dailies)FotoKem Laboratory, Burbank (CA), USA(film processing)",
VGhlIElyb24gQ2xhdw==,Negative Format,"35 mm(Kodak Vision3 500T 5219, Eastman Double-X 5222)",
VGhlIElyb24gQ2xhdw==,Cinematographic Process,"Digital Intermediate(4K, master format)Super 35(3-perf, source format)",
VGhlIElyb24gQ2xhdw==,Printed Film Format,D-Cinema,
VGhlIElyb24gQ2xhdw==,,,
VGhlIElyb24gQ2xhdw==,,,
QXBvY2FseXBzZSBOb3c=,Runtime,2h 27m(147 min)3h 22m(202 min) (Redux)5h 30m(330 min) (Workprint Version)3h 2m(182 min) (Final Cut)2h 33m(153 min) (original),
QXBvY2FseXBzZSBOb3c=,Sound mix,70 mm 6-Track(70 mm prints)Dolby Digital(Redux version)Dolby Stereo(35 mm prints)DTS(Redux version)Dolby Atmos(Final Cut),/search/title/?sound_mixes=70_mm_6_track&ref_=ttspec_spec_2
QXBvY2FseXBzZSBOb3c=,Color,Color,/search/title/?colors=color&ref_=ttspec_spec_3
QXBvY2FseXBzZSBOb3c=,Aspect ratio,"2.00 : 1(DVD version, Univisium)2.20 : 1(70 mm prints)2.39 : 1",
QXBvY2FseXBzZSBOb3c=,Camera,"Arriflex 16 ST(newsreel scenes)Arriflex 35 BL, Technovision/Cooke and Todd-AO LensesArriflex 35-IIC, Technovision/Cooke and Todd-AO LensesMitchell BNCR, Technovision/Cooke and Todd-AO Lenses",
QXBvY2FseXBzZSBOb3c=,Laboratory,"Technicolor, Hollywood (CA), USA(prints)",
QXBvY2FseXBzZSBOb3c=,Film Length,"4,205 m5,255 m5,533 m",
QXBvY2FseXBzZSBOb3c=,Negative Format,16 mm(newsreel scenes)35 mm(Eastman 100T 5247),
QXBvY2FseXBzZSBOb3c=,Cinematographic Process,"Digital Intermediate(4K, 2019 remaster)Dolby Vision(Final Cut)Technovision(anamorphic)Todd-AO 35(anamorphic)",
QXBvY2FseXBzZSBOb3c=,Printed Film Format,Digital(Digital Cinema Package DCP)35 mm70 mm(blow-up),
QXBvY2FseXBzZSBOb3c=,,,
QXBvY2FseXBzZSBOb3c=,,,
UHVscCBGaWN0aW9u,Runtime,2h 34m(154 min),
UHVscCBGaWN0aW9u,Sound mix,Dolby DigitalDTS,/search/title/?sound_mixes=dolby_digital&ref_=ttspec_spec_2
UHVscCBGaWN0aW9u,Color,Color,/search/title/?colors=color&ref_=ttspec_spec_3
UHVscCBGaWN0aW9u,Aspect ratio,2.20 : 1(70 mm prints)2.39 : 1,
UHVscCBGaWN0aW9u,Camera,"Arriflex 35-III, Panavision C- and E-Series LensesPanavision Panaflex Gold II, Panavision C- and E-Series LensesPanavision Panaflex Lightweight, Panavision C- and E-Series LensesPanavision Panaflex Platinum, Panavision C- and E-Series Lenses",
UHVscCBGaWN0aW9u,Laboratory,"DeLuxe, Hollywood (CA), USA(color)",
UHVscCBGaWN0aW9u,Film Length,"4,229 m(Sweden)",
UHVscCBGaWN0aW9u,Negative Format,16 mm(Kodak)35 mm(Eastman EXR 50D 5245),
UHVscCBGaWN0aW9u,Cinematographic Process,"Digital Intermediate(4K, 2022 remaster)Dolby VisionPanavision(anamorphic)",
UHVscCBGaWN0aW9u,Printed Film Format,16 mm(Eastman 1301)70 mm(blow-up)DCP35 mm(partial blow-up),
UHVscCBGaWN0aW9u,,,
UHVscCBGaWN0aW9u,,,
VGhlIElkZWEgb2YgWW91,Runtime,1h 55m(115 min),
VGhlIElkZWEgb2YgWW91,Color,Color,/search/title/?colors=color&ref_=ttspec_spec_3
VGhlIElkZWEgb2YgWW91,Camera,"Arri Alexa 35, Bausch and Lomb Super Baltar Lenses",
VGhlIElkZWEgb2YgWW91,,,
VGhlIElkZWEgb2YgWW91,,,
U3BsaXQ=,Runtime,1h 57m(117 min),
U3BsaXQ=,Sound mix,Dolby DigitalDolby AtmosDolby Surround 7.1,/search/title/?sound_mixes=dolby_digital&ref_=ttspec_spec_2
U3BsaXQ=,Color,Color,/search/title/?colors=color&ref_=ttspec_spec_3
U3BsaXQ=,Aspect ratio,2.39 : 1,
U3BsaXQ=,Camera,"Arri Alexa XT, Zeiss Master Prime, Fujinon Alura and Angenieux Optimo Lenses",
U3BsaXQ=,Laboratory,"Technicolor PostWorks, New York (NY), USA(color, digital intermediate)",
U3BsaXQ=,Negative Format,Codex,
U3BsaXQ=,Cinematographic Process,"ARRIRAW(2.8K, source format)Digital Intermediate(2K, master format)",
U3BsaXQ=,Printed Film Format,D-Cinema,
U3BsaXQ=,,,
U3BsaXQ=,,,
V2lja2VkIExpdHRsZSBMZXR0ZXJz,Runtime,1h 40m(100 min),
V2lja2VkIExpdHRsZSBMZXR0ZXJz,Sound mix,Dolby Digital,/search/title/?sound_mixes=dolby_digital&ref_=ttspec_spec_2
V2lja2VkIExpdHRsZSBMZXR0ZXJz,Color,Color,/search/title/?colors=color&ref_=ttspec_spec_3
V2lja2VkIExpdHRsZSBMZXR0ZXJz,Aspect ratio,1.85 : 1,
V2lja2VkIExpdHRsZSBMZXR0ZXJz,Printed Film Format,DCP Digital Cinema Package (4K),
V2lja2VkIExpdHRsZSBMZXR0ZXJz,,,
V2lja2VkIExpdHRsZSBMZXR0ZXJz,,,
TWVu,Runtime,1h 40m(100 min),
TWVu,Sound mix,Dolby Digital,/search/title/?sound_mixes=dolby_digital&ref_=ttspec_spec_2
TWVu,Color,Color,/search/title/?colors=color&ref_=ttspec_spec_3
TWVu,Aspect ratio,1.85 : 1,
TWVu,Camera,"Phantom Flex4KSony CineAlta Venice, Panavision H-Series Lenses",
TWVu,Laboratory,"Molinare, London, UK(color, finish, digital intermediate)Warner Bros. De Lane Lea, London, UK(digital dailies, dailies processing, digital intermediate)",
TWVu,Negative Format,AXS-R7CineMag,
TWVu,Cinematographic Process,"Digital Intermediate(4K, master format)Phantom RAW(4K, source format, high-speed shots)X-OCN ST(6K, source format)",
TWVu,Printed Film Format,D-CinemaDCP Digital Cinema Package,
TWVu,,,
TWVu,,,
VGhlIEhvbGRvdmVycw==,Runtime,2h 13m(133 min),
VGhlIEhvbGRvdmVycw==,Sound mix,Dolby Digital,/search/title/?sound_mixes=dolby_digital&ref_=ttspec_spec_2
VGhlIEhvbGRvdmVycw==,Color,Color,/search/title/?colors=color&ref_=ttspec_spec_3
VGhlIEhvbGRvdmVycw==,Aspect ratio,1.66 : 1,
VGhlIEhvbGRvdmVycw==,Camera,"Arri Alexa Mini, Panavision H Series and Primo Zoom Lenses",
VGhlIEhvbGRvdmVycw==,Laboratory,"FotoKem Laboratory, Burbank (CA), USA(prints)Harbor Picture Company, Los Angeles (CA), USA(digital intermediate)",
VGhlIEhvbGRvdmVycw==,Negative Format,Codex,
VGhlIEhvbGRvdmVycw==,Cinematographic Process,"ARRIRAW(3.4K, Source Format)Digital Intermediate(2K, Master Format)",
VGhlIEhvbGRvdmVycw==,Printed Film Format,"35 mm(spherical, Kodak Vision 2383)D-CinemaDCP Digital Cinema Package",
VGhlIEhvbGRvdmVycw==,,,
VGhlIEhvbGRvdmVycw==,,,
TWFkIE1heDogRnVyeSBSb2Fk,Runtime,2h(120 min),
TWFkIE1heDogRnVyeSBSb2Fk,Sound mix,Dolby DigitalDatasatSDDSDolby Atmos,/search/title/?sound_mixes=dolby_digital&ref_=ttspec_spec_2
TWFkIE1heDogRnVyeSBSb2Fk,Color,Color,/search/title/?colors=color&ref_=ttspec_spec_3
TWFkIE1heDogRnVyeSBSb2Fk,Aspect ratio,2.39 : 1,
TWFkIE1heDogRnVyeSBSb2Fk,Camera,"Arri Alexa M, Panavision Primo, Ultra Speed MKII and Angenieux Optimo LensesArri Alexa Plus, Panavision Primo, Ultra Speed MKII and Angenieux Optimo LensesBlackmagic Cinema Camera(some shots)Canon EOS 5D Mark II(some shots)Nikon D800(some shots)Olympus OM-D EM-5(some shots)",
TWFkIE1heDogRnVyeSBSb2Fk,Laboratory,"DDP Studios, Melbourne, Australia(digital intermediate)",
TWFkIE1heDogRnVyeSBSb2Fk,Film Length,7 reels,
TWFkIE1heDogRnVyeSBSb2Fk,Negative Format,CFCodex,
TWFkIE1heDogRnVyeSBSb2Fk,Cinematographic Process,"ARRIRAW(2.8K, source format)Digital Intermediate(2K, master format)ProRes 4:2:2(1080p/24, source format)",
TWFkIE1heDogRnVyeSBSb2Fk,Printed Film Format,"35 mm(anamorphic, Kodak Vision 2383)D-Cinema(also 3-D version)",
TWFkIE1heDogRnVyeSBSb2Fk,,,
TWFkIE1heDogRnVyeSBSb2Fk,,,
RGVhZHBvb2w=,Runtime,1h 48m(108 min),
RGVhZHBvb2w=,Sound mix,Dolby DigitalDolby AtmosDolby Surround 7.1DTS(DTS: X)SDDSDatasatIMAX 6-Track,/search/title/?sound_mixes=dolby_digital&ref_=ttspec_spec_2
RGVhZHBvb2w=,Color,Color,/search/title/?colors=color&ref_=ttspec_spec_3
RGVhZHBvb2w=,Aspect ratio,2.39 : 1,
RGVhZHBvb2w=,Camera,"Arri Alexa XT, Panavision Primo, Bausch & Lomb Super Baltar and Cooke Varotal LensesPanavision Panaflex Millennium XL2, Panavision Primo Lenses(one shot)Phantom Flex4K, Panavision Primo LensesRed Epic Dragon, Panavision Primo Lenses(some shots)Red Epic, Panavision Primo Lenses(some shots)",
RGVhZHBvb2w=,Laboratory,EFilm(digital intermediate),
RGVhZHBvb2w=,Negative Format,35 mm(Kodak Vision3 500T 5219)CineMagCodex,
RGVhZHBvb2w=,Cinematographic Process,"ARRIRAW(3.4K, common-third, source format)Digital Intermediate(4K, master format)Dolby VisionPhantom RAW(4K, source format, high-speed shots)Redcode RAW (5K) (6K) (source format)(some shots)Super 35(source format, one shot)",
RGVhZHBvb2w=,Printed Film Format,D-Cinema,
RGVhZHBvb2w=,,,
RGVhZHBvb2w=,,,
VGhlIEJyaWNrbGF5ZXI=,Runtime,1h 50m(110 min),
VGhlIEJyaWNrbGF5ZXI=,Color,Color,/search/title/?colors=color&ref_=ttspec_spec_3
VGhlIEJyaWNrbGF5ZXI=,Aspect ratio,2.39 : 1,
VGhlIEJyaWNrbGF5ZXI=,Camera,Hawk class-X lenses,
VGhlIEJyaWNrbGF5ZXI=,Printed Film Format,DCP Digital Cinema Package,
VGhlIEJyaWNrbGF5ZXI=,,,
VGhlIEJyaWNrbGF5ZXI=,,,
RXhwZW5kNGJsZXM=,Runtime,1h 43m(103 min),
RXhwZW5kNGJsZXM=,Sound mix,Dolby DigitalDolby Atmos,/search/title/?sound_mixes=dolby_digital&ref_=ttspec_spec_2
RXhwZW5kNGJsZXM=,Color,Color,/search/title/?colors=color&ref_=ttspec_spec_3
RXhwZW5kNGJsZXM=,Aspect ratio,2.39 : 1,
RXhwZW5kNGJsZXM=,Camera,"Sony CineAlta Venice Rialto, Atlas Orion LensesSony CineAlta Venice, Atlas Orion Lenses",
RXhwZW5kNGJsZXM=,Negative Format,AXSM X-OCN XT(4K),
RXhwZW5kNGJsZXM=,Cinematographic Process,"Atlas Scope(anamorphic, source format)Digital Intermediate(4K, master format)",
RXhwZW5kNGJsZXM=,Printed Film Format,D-Cinema,
RXhwZW5kNGJsZXM=,,,
RXhwZW5kNGJsZXM=,,,
Umlja3kgU3Rhbmlja3k=,Runtime,1h 53m(113 min),
Umlja3kgU3Rhbmlja3k=,Color,Color,/search/title/?colors=color&ref_=ttspec_spec_3
Umlja3kgU3Rhbmlja3k=,Aspect ratio,2.00 : 1,
Umlja3kgU3Rhbmlja3k=,Camera,Alexa 35Blackmagic Design Ursa Mini Pro 12kZeiss Supreme Prime Lenses,
Umlja3kgU3Rhbmlja3k=,,,
Umlja3kgU3Rhbmlja3k=,,,
VG9wIEd1bjogTWF2ZXJpY2s=,Runtime,2h 10m(130 min),
VG9wIEd1bjogTWF2ZXJpY2s=,Sound mix,DTS(DTS: X)Dolby AtmosAuro 11.1IMAX 6-Track12-Track Digital SoundSonics-DDP,/search/title/?sound_mixes=dts&ref_=ttspec_spec_2
VG9wIEd1bjogTWF2ZXJpY2s=,Color,Color,/search/title/?colors=color&ref_=ttspec_spec_3
VG9wIEd1bjogTWF2ZXJpY2s=,Aspect ratio,1.90 : 1(IMAX Version - some scenes)2.39 : 1,
VG9wIEd1bjogTWF2ZXJpY2s=,Camera,"Sony CineAlta Venice IMAX, Zeiss Master Prime, Loxia, Sigma FF High Speed, Voigtländer and Fujinon Premier Lenses(Sony)Sony CineAlta Venice Rialto IMAX, Zeiss Master Prime, Loxia, Sigma FF High Speed and Voigtländer Lenses(Sony)",
VG9wIEd1bjogTWF2ZXJpY2s=,Laboratory,"Company 3, Los Angeles (CA), USA(digital intermediate, dailies, color grading)EC3(dailies)",
VG9wIEd1bjogTWF2ZXJpY2s=,Negative Format,AXS-R7,
VG9wIEd1bjogTWF2ZXJpY2s=,Cinematographic Process,"Digital Intermediate(4K, master format)X-OCN ST(6K, source format)",
VG9wIEd1bjogTWF2ZXJpY2s=,Printed Film Format,D-Cinema(also 3-D version)DCP Digital Cinema Package 4K,
VG9wIEd1bjogTWF2ZXJpY2s=,,,
VG9wIEd1bjogTWF2ZXJpY2s=,,,
VGl0YW5pYw==,Runtime,3h 14m(194 min),
VGl0YW5pYw==,Sound mix,Dolby DigitalDTSSDDS,/search/title/?sound_mixes=dolby_digital&ref_=ttspec_spec_2
VGl0YW5pYw==,Color,Color,/search/title/?colors=color&ref_=ttspec_spec_3
VGl0YW5pYw==,Aspect ratio,1.85 : 1(3D Blu-ray)16 : 9(VHS)2.39 : 1(theatrical ratio),
VGl0YW5pYw==,Camera,"Arriflex 35 III, Panavision Primo LensesPanavision Panaflex Gold II, Panavision Primo LensesPanavision Panaflex Platinum, Panavision Primo Lenses",
VGl0YW5pYw==,Laboratory,"Consolidated Film Industries (CFI), Hollywood (CA), USA(color)DeLuxe, Hollywood (CA), USA(prints)",
VGl0YW5pYw==,Film Length,"5,340 m(Sweden)5,426 m (10 reels)",
VGl0YW5pYw==,Negative Format,"35 mm(Eastman EXR 50D 5245, Kodak Vision 500T 5279)",
VGl0YW5pYw==,Cinematographic Process,"Digital Intermediate(4K, 2012 re-release)Dolby Vision(20th Anniversary release)Super 35Techniscope(underwater scenes)",
VGl0YW5pYw==,Printed Film Format,"16 mm(masked prints)35 mm(anamorphic, Eastman EXR 5386)70 mm(blow-up, Eastman EXR 5386)70 mm(horizontal, IMAX DMR blow-up, dual-strip 3-D, Kodak Vision 2383, 2012 re-release)D-Cinema(also 3-D version: 2012 re-release)DCP Digital Cinema Package (4K)Super 8(anamorphic)",
VGl0YW5pYw==,,,
VGl0YW5pYw==,,,
Qmxvb2QgZm9yIER1c3Q=,Runtime,1h 38m(98 min),
Qmxvb2QgZm9yIER1c3Q=,Color,Color,/search/title/?colors=color&ref_=ttspec_spec_3
Qmxvb2QgZm9yIER1c3Q=,,,
Qmxvb2QgZm9yIER1c3Q=,,,
VGhlIEh1bmdlciBHYW1lczogVGhlIEJhbGxhZCBvZiBTb25nYmlyZHMgJiBTbmFrZXM=,Runtime,2h 37m(157 min),
VGhlIEh1bmdlciBHYW1lczogVGhlIEJhbGxhZCBvZiBTb25nYmlyZHMgJiBTbmFrZXM=,Sound mix,DTSDolby AtmosIMAX 6-TrackDolby Surround 7.1Dolby Digital12-Track Digital SoundAuro 11.1DTS:XD-Cinema 96kHz 7.1,/search/title/?sound_mixes=dts&ref_=ttspec_spec_2
VGhlIEh1bmdlciBHYW1lczogVGhlIEJhbGxhZCBvZiBTb25nYmlyZHMgJiBTbmFrZXM=,Color,Color,/search/title/?colors=color&ref_=ttspec_spec_3
VGhlIEh1bmdlciBHYW1lczogVGhlIEJhbGxhZCBvZiBTb25nYmlyZHMgJiBTbmFrZXM=,Aspect ratio,1.90 : 1(IMAX Version: some scenes)2.39 : 1,
VGhlIEh1bmdlciBHYW1lczogVGhlIEJhbGxhZCBvZiBTb25nYmlyZHMgJiBTbmFrZXM=,Camera,"Arri Alexa Mini LF IMAX, Arri Signature Prime Lenses",
VGhlIEh1bmdlciBHYW1lczogVGhlIEJhbGxhZCBvZiBTb25nYmlyZHMgJiBTbmFrZXM=,Laboratory,"Company 3Pharos - The Post Group, Munich, Germany(dailies)",
VGhlIEh1bmdlciBHYW1lczogVGhlIEJhbGxhZCBvZiBTb25nYmlyZHMgJiBTbmFrZXM=,Negative Format,Codex,
VGhlIEh1bmdlciBHYW1lczogVGhlIEJhbGxhZCBvZiBTb25nYmlyZHMgJiBTbmFrZXM=,Cinematographic Process,"ARRIRAW(4.5K, source format)Digital Intermediate(master format)",
VGhlIEh1bmdlciBHYW1lczogVGhlIEJhbGxhZCBvZiBTb25nYmlyZHMgJiBTbmFrZXM=,Printed Film Format,DCP Digital Cinema Package,
VGhlIEh1bmdlciBHYW1lczogVGhlIEJhbGxhZCBvZiBTb25nYmlyZHMgJiBTbmFrZXM=,,,
VGhlIEh1bmdlciBHYW1lczogVGhlIEJhbGxhZCBvZiBTb25nYmlyZHMgJiBTbmFrZXM=,,,
RGVhZCBQb2V0cyBTb2NpZXR5,Runtime,2h 8m(128 min)2h 20m(140 min) (laserdisc) (United States),
RGVhZCBQb2V0cyBTb2NpZXR5,Sound mix,70 mm 6-Track(70 mm prints)Dolby Stereo(35 mm prints),/search/title/?sound_mixes=70_mm_6_track&ref_=ttspec_spec_2
RGVhZCBQb2V0cyBTb2NpZXR5,Color,Color,/search/title/?colors=color&ref_=ttspec_spec_3
RGVhZCBQb2V0cyBTb2NpZXR5,Aspect ratio,1.85 : 1,
RGVhZCBQb2V0cyBTb2NpZXR5,Camera,"Panavision Panaflex Gold, Panavision Primo LensesPanavision Panaflex Platinum, Panavision Primo Lenses",
RGVhZCBQb2V0cyBTb2NpZXR5,Laboratory,"DuArt Film Laboratories Inc., New York, USA(color)Metrocolor, Culver City (CA), USA(prints)",
RGVhZCBQb2V0cyBTb2NpZXR5,Negative Format,16 mm(Kodak)35 mm,
RGVhZCBQb2V0cyBTb2NpZXR5,Cinematographic Process,Spherical,
RGVhZCBQb2V0cyBTb2NpZXR5,Printed Film Format,"16 mm(Eastman)35 mm(Eastman 5384)70 mm(blow-up, Eastman 5384)",
RGVhZCBQb2V0cyBTb2NpZXR5,,,
RGVhZCBQb2V0cyBTb2NpZXR5,,,
V2FyIGZvciB0aGUgUGxhbmV0IG9mIHRoZSBBcGVz,Runtime,2h 20m(140 min),
V2FyIGZvciB0aGUgUGxhbmV0IG9mIHRoZSBBcGVz,Sound mix,Dolby AtmosDTS(DTS: X)Dolby Digital12-Track Digital Sound(IMAX version)Auro 11.1IMAX 6-TrackSonics-DDP(IMAX version)Dolby Surround 7.1,/search/title/?sound_mixes=dolby_atmos&ref_=ttspec_spec_2
V2FyIGZvciB0aGUgUGxhbmV0IG9mIHRoZSBBcGVz,Color,Color,/search/title/?colors=color&ref_=ttspec_spec_3
V2FyIGZvciB0aGUgUGxhbmV0IG9mIHRoZSBBcGVz,Aspect ratio,2.39 : 1,
V2FyIGZvciB0aGUgUGxhbmV0IG9mIHRoZSBBcGVz,Camera,"Arri Alexa 65, Arri Prime 65 and Vintage 765 Lenses",
V2FyIGZvciB0aGUgUGxhbmV0IG9mIHRoZSBBcGVz,Laboratory,"Company 3, Los Angeles (CA), USA(color and finish by)SHED, Los Angeles (CA), USA(dailies provided by)",
V2FyIGZvciB0aGUgUGxhbmV0IG9mIHRoZSBBcGVz,Negative Format,Codex,
V2FyIGZvciB0aGUgUGxhbmV0IG9mIHRoZSBBcGVz,Cinematographic Process,"ARRIRAW(6.5K, source format)Digital Intermediate(2K, master format)Dolby VisionSpherical(source format)",
V2FyIGZvciB0aGUgUGxhbmV0IG9mIHRoZSBBcGVz,Printed Film Format,D-Cinema(also 3-D version),
V2FyIGZvciB0aGUgUGxhbmV0IG9mIHRoZSBBcGVz,,,
V2FyIGZvciB0aGUgUGxhbmV0IG9mIHRoZSBBcGVz,,,
TWlsbGVyJ3MgR2lybA==,Runtime,1h 33m(93 min),
TWlsbGVyJ3MgR2lybA==,Color,Color,/search/title/?colors=color&ref_=ttspec_spec_3
TWlsbGVyJ3MgR2lybA==,Aspect ratio,2.35 : 1,
TWlsbGVyJ3MgR2lybA==,Laboratory,Company 3,
TWlsbGVyJ3MgR2lybA==,Printed Film Format,DCP Digital Cinema Package,
TWlsbGVyJ3MgR2lybA==,,,
TWlsbGVyJ3MgR2lybA==,,,
S2luZ2RvbSBvZiBIZWF2ZW4=,Runtime,2h 24m(144 min)3h 10m(190 min) (director's cut)3h 14m(194 min) (director's cut roadshow),
S2luZ2RvbSBvZiBIZWF2ZW4=,Sound mix,"Dolby Digital(Dolby Digital 5.1, 5.1 Surround Sound, 5.1)DTS(DTS HD Master Audio 5.1, 5.1 Surround Sound, 5.1)D-Cinema 48kHz 5.1(D-Cinema prints, 5.1 Surround Sound, 5.1)",/search/title/?sound_mixes=dolby_digital&ref_=ttspec_spec_2
S2luZ2RvbSBvZiBIZWF2ZW4=,Color,Color,/search/title/?colors=color&ref_=ttspec_spec_3
S2luZ2RvbSBvZiBIZWF2ZW4=,Aspect ratio,2.39 : 1,
S2luZ2RvbSBvZiBIZWF2ZW4=,Camera,"Arricam LT, Cooke S4 and Angenieux Optimo LensesArricam ST, Cooke S4 and Angenieux Optimo Lenses",
S2luZ2RvbSBvZiBIZWF2ZW4=,Laboratory,"Technicolor Creative Services, London, UK(digital intermediate)Technicolor, Hollywood (CA), USA(prints)",
S2luZ2RvbSBvZiBIZWF2ZW4=,Film Length,"3,934 m(Sweden)",
S2luZ2RvbSBvZiBIZWF2ZW4=,Negative Format,"35 mm(Kodak Vision2 500T 5218, Eastman EXR 50D 5245, Vision 200T 5274)",
S2luZ2RvbSBvZiBIZWF2ZW4=,Cinematographic Process,"Digital Intermediate(2K, master format)Super 35(source format)",
S2luZ2RvbSBvZiBIZWF2ZW4=,Printed Film Format,"35 mm(anamorphic, Kodak Vision 2383)",
S2luZ2RvbSBvZiBIZWF2ZW4=,,,
S2luZ2RvbSBvZiBIZWF2ZW4=,,,
QnVsbGV0IFRyYWlu,Runtime,2h 7m(127 min),
QnVsbGV0IFRyYWlu,Sound mix,Dolby AtmosAuro 11.1IMAX 6-Track,/search/title/?sound_mixes=dolby_atmos&ref_=ttspec_spec_2
QnVsbGV0IFRyYWlu,Color,Color,/search/title/?colors=color&ref_=ttspec_spec_3
QnVsbGV0IFRyYWlu,Aspect ratio,2.39 : 1,
QnVsbGV0IFRyYWlu,Camera,"Arri Alexa Mini LF, MasterBuilt Classic LensesArri Alexa SXT, Hawk V-Lite Vintage '74 LensesArricam LT, Hawk V-Lite Vintage '74 Lenses",
QnVsbGV0IFRyYWlu,Laboratory,Company 3(digital intermediate),
QnVsbGV0IFRyYWlu,Negative Format,35 mm(Kodak)Codex,
QnVsbGV0IFRyYWlu,Cinematographic Process,"ARRIRAW(4.5K, 2.6K, source format)Digital Intermediate(4K, master format)Dolby VisionHawk Scope(anamorphic, source format)",
QnVsbGV0IFRyYWlu,Printed Film Format,D-Cinema(also 3-D version),
QnVsbGV0IFRyYWlu,,,
QnVsbGV0IFRyYWlu,,,
QWxpZW4=,Runtime,1h 57m(117 min)1h 56m(116 min) (2003 Director's Cut),
QWxpZW4=,Sound mix,70 mm 6-Track(70 mm prints)Dolby Stereo(35 mm prints),/search/title/?sound_mixes=70_mm_6_track&ref_=ttspec_spec_2
QWxpZW4=,Color,Color,/search/title/?colors=color&ref_=ttspec_spec_3
QWxpZW4=,Aspect ratio,2.20 : 1(70 mm prints)2.39 : 1,
QWxpZW4=,Camera,"Panavision PSR R-200, Panavision C-Series and Cooke Varotal LensesPanavision Panaflex, Panavision C-Series Lenses",
QWxpZW4=,Laboratory,"DeLuxe, Hollywood (CA), USA(prints)Rank Film Laboratories, Denham, UK(processing)",
QWxpZW4=,Negative Format,35 mm(Eastman 100T 5247),
QWxpZW4=,Cinematographic Process,Panavision(anamorphic),
QWxpZW4=,Printed Film Format,35 mm70 mm(blow-up)8 mm(Super 8),
QWxpZW4=,,,
QWxpZW4=,,,
